task_id,source_system,department,asset_id,asset_type,corridor_id,section_id,start_km,end_km,defect_type,defect_severity,safety_criticality,failure_probability,asset_importance,operational_impact,detection_date,due_date,overdue_days,estimated_duration_minutes,minimum_block_minutes,disconnection_type,required_team,required_personnel,required_equipment,preferred_start_time,preferred_end_time,dependency_task_ids,compatible_task_ids,weather_sensitive,status,priority_score,priority_level,synthetic_data
TASK-0001,TMS,Engineering,ASSET-SEC-11-0001,Ballast,COR-04,SEC-11,16.28,18.56,Damaged sleeper,2,1,0.349,1,2,2026-07-27,2026-08-13,15,180,195,Track Possession,ENG-Team-03,4,Rail Grinder,22:00:00,23:59:00,,TASK-0020|TASK-0104,False,Pending,,,True
TASK-0002,SMMS,Signal & Telecommunication,ASSET-SEC-12-0002,Axle Counter,COR-04,SEC-12,42.37,44.1,Axle counter mismatch,5,4,0.922,3,1,2026-07-30,2026-08-30,0,30,45,Signalling,SNT-Team-02,2,Cable Fault Locator|Signal Tester,14:00:00,17:00:00,,TASK-0106|TASK-0142,False,Pending,,,True
TASK-0003,TDMS,Traction Distribution,ASSET-SEC-06-0003,Insulator,COR-02,SEC-06,44.57,47.03,Feeder voltage anomaly,1,4,0.34,1,2,2026-06-30,2026-08-06,22,90,135,Power,TRD-Team-01,4,OHE Inspection Vehicle,22:00:00,23:59:00,,TASK-0029|TASK-0065|TASK-0080,False,Pending,,,True
TASK-0004,TMS,Engineering,ASSET-SEC-07-0004,Bridge Component,COR-03,SEC-07,5.42,7.4,Insufficient ballast,3,3,0.492,2,4,2026-07-12,2026-07-25,34,120,165,Track Possession,ENG-Team-02,6,Inspection Trolley,00:00:00,04:00:00,,TASK-0066|TASK-0108,False,Pending,,,True
TASK-0005,SMMS,Signal & Telecommunication,ASSET-SEC-14-0005,Track Circuit,COR-05,SEC-14,41.29,41.65,Track circuit instability,3,4,0.587,4,2,2026-08-23,2026-10-16,0,45,90,Signalling,SNT-Team-01,3,Track Circuit Meter|Axle Counter Tester,10:30:00,13:30:00,,,False,Pending,,,True
TASK-0006,TDMS,Traction Distribution,ASSET-SEC-09-0006,Overhead Equipment,COR-03,SEC-09,45.02,46.86,Contact wire wear,3,2,0.609,2,2,2026-06-14,2026-07-12,47,60,105,Power and Track,TRD-Team-02,3,OHE Inspection Vehicle,14:00:00,17:00:00,,,False,Pending,,,True
TASK-0007,TMS,Engineering,ASSET-SEC-10-0007,Rail,COR-04,SEC-10,13.95,14.34,Rail surface defect,1,1,0.25,4,1,2026-06-18,2026-08-15,13,180,210,Power and Track,ENG-Team-03,8,Ultrasonic Rail Tester|Rail Grinder,10:30:00,13:30:00,,TASK-0164,False,Pending,,,True
TASK-0008,SMMS,Signal & Telecommunication,ASSET-SEC-13-0008,Communication Cable,COR-05,SEC-13,4.2,6.96,Communication link degradation,5,5,0.85,4,1,2026-06-08,2026-06-30,59,60,75,Signalling,SNT-Team-02,4,Axle Counter Tester,22:00:00,23:59:00,,,False,Pending,,,True
TASK-0009,TDMS,Traction Distribution,ASSET-SEC-04-0009,Feeder,COR-02,SEC-04,13.61,15.88,OHE alignment deviation,4,1,0.624,5,5,2026-08-17,2026-10-05,0,150,165,Power,TRD-Team-01,4,Contact Wire Gauge,01:00:00,05:00:00,,TASK-0131,False,Pending,,,True
TASK-0010,TMS,Engineering,ASSET-SEC-07-0010,Rail,COR-03,SEC-07,19.41,19.86,Rail surface defect,5,4,0.75,1,1,2026-07-02,2026-08-31,0,90,105,Power and Track,ENG-Team-03,4,Inspection Trolley,10:30:00,13:30:00,,,True,Pending,,,True
TASK-0011,SMMS,Signal & Telecommunication,ASSET-SEC-15-0011,Communication Cable,COR-05,SEC-15,47.77,48.9,Communication link degradation,3,4,0.574,4,2,2026-06-23,2026-07-11,48,45,90,Signalling,SNT-Team-01,5,Cable Fault Locator|Track Circuit Meter,22:00:00,23:59:00,,TASK-0013|TASK-0121,False,Pending,,,True
TASK-0012,TDMS,Traction Distribution,ASSET-SEC-07-0012,Contact Wire,COR-03,SEC-07,9.11,11.35,Insulator degradation,1,1,0.181,2,4,2026-06-02,2026-07-16,43,90,105,Power,TRD-Team-02,8,Tower Wagon,01:00:00,05:00:00,,TASK-0040|TASK-0071,True,Pending,,,True
TASK-0013,TMS,Engineering,ASSET-SEC-15-0013,Ballast,COR-05,SEC-15,48.85,51.31,Damaged sleeper,1,5,0.609,4,1,2026-06-18,2026-06-27,62,60,75,Track Possession,ENG-Team-02,4,Ultrasonic Rail Tester|Rail Grinder,01:00:00,05:00:00,,TASK-0011|TASK-0017,False,Pending,,,True
TASK-0014,SMMS,Signal & Telecommunication,ASSET-SEC-05-0014,Communication Cable,COR-02,SEC-05,32.21,33.66,Communication link degradation,5,4,0.759,1,1,2026-07-22,2026-08-21,7,60,75,Track Possession,SNT-Team-02,3,Axle Counter Tester,00:00:00,04:00:00,,TASK-0099,True,Pending,,,True
TASK-0015,TDMS,Traction Distribution,ASSET-SEC-09-0015,Sectioning Equipment,COR-03,SEC-09,41.18,41.9,Sectioning equipment fault,2,4,0.45,4,5,2026-06-12,2026-06-19,70,150,165,Power and Track,TRD-Team-03,6,OHE Inspection Vehicle,22:00:00,23:59:00,,,False,Pending,,,True
TASK-0016,TMS,Engineering,ASSET-SEC-04-0016,Bridge Component,COR-02,SEC-04,10.38,11.46,Insufficient ballast,2,3,0.454,5,2,2026-07-25,2026-08-22,6,60,75,Power and Track,ENG-Team-02,6,Rail Grinder,14:00:00,17:00:00,,TASK-0123|TASK-0197,False,Pending,,,True
TASK-0017,SMMS,Signal & Telecommunication,ASSET-SEC-15-0017,Signal,COR-05,SEC-15,48.69,49.57,Intermittent signal failure,4,5,0.876,3,1,2026-07-22,2026-08-04,24,120,165,Signalling,SNT-Team-03,3,Signal Tester|Track Circuit Meter,22:00:00,23:59:00,,TASK-0013|TASK-0121,False,Pending,,,True
TASK-0018,TDMS,Traction Distribution,ASSET-SEC-10-0018,Insulator,COR-04,SEC-10,2.95,4.11,Feeder voltage anomaly,3,5,0.722,3,2,2026-06-01,2026-07-14,45,45,60,Power and Track,TRD-Team-02,4,OHE Inspection Vehicle,14:00:00,17:00:00,,TASK-0035|TASK-0041,False,Pending,,,True
TASK-0019,TMS,Engineering,ASSET-SEC-09-0019,Points and Crossings,COR-03,SEC-09,54.32,56.09,Track geometry deviation,2,5,0.509,3,3,2026-08-13,2026-08-20,8,120,165,Track Possession,ENG-Team-02,6,Inspection Trolley|Rail Grinder,22:00:00,23:59:00,,,False,Pending,,,True
TASK-0020,SMMS,Signal & Telecommunication,ASSET-SEC-11-0020,Track Circuit,COR-04,SEC-11,16.14,18.52,Track circuit instability,2,2,0.476,2,3,2026-07-06,2026-08-17,11,45,75,Signalling,SNT-Team-03,2,Track Circuit Meter|Axle Counter Tester,00:00:00,04:00:00,,TASK-0001|TASK-0025|TASK-0073,False,Pending,,,True
TASK-0021,TDMS,Traction Distribution,ASSET-SEC-01-0021,Insulator,COR-01,SEC-01,15.03,15.85,Feeder voltage anomaly,3,2,0.416,3,5,2026-06-30,2026-07-25,34,60,90,Power,TRD-Team-03,6,Contact Wire Gauge,10:30:00,13:30:00,,TASK-0077,False,Pending,,,True
TASK-0022,TMS,Engineering,ASSET-SEC-02-0022,Ballast,COR-01,SEC-02,33.79,34.65,Damaged sleeper,1,1,0.229,5,2,2026-06-14,2026-07-03,56,120,165,Track Possession,ENG-Team-01,10,Ultrasonic Rail Tester,10:30:00,13:30:00,,TASK-0155,True,Pending,,,True
TASK-0023,SMMS,Signal & Telecommunication,ASSET-SEC-15-0023,Signal,COR-05,SEC-15,66.76,68.88,Intermittent signal failure,3,4,0.537,4,3,2026-06-03,2026-06-18,71,60,105,Signalling,SNT-Team-03,4,Axle Counter Tester|Track Circuit Meter,10:30:00,13:30:00,,,False,Pending,,,True
TASK-0024,TDMS,Traction Distribution,ASSET-SEC-04-0024,Insulator,COR-02,SEC-04,6.52,9.35,Feeder voltage anomaly,2,5,0.642,5,5,2026-06-02,2026-07-22,37,120,165,Power and Track,TRD-Team-02,8,Insulation Tester|Tower Wagon,00:00:00,04:00:00,,TASK-0058|TASK-0100|TASK-0109,False,Pending,,,True
TASK-0025,TMS,Engineering,ASSET-SEC-11-0025,Points and Crossings,COR-04,SEC-11,17.92,19.44,Track geometry deviation,1,3,0.369,2,1,2026-08-06,2026-09-20,0,180,210,Track Possession,ENG-Team-01,10,Inspection Trolley|Rail Grinder,00:00:00,04:00:00,,TASK-0020|TASK-0104|TASK-0107,False,Pending,,,True
TASK-0026,SMMS,Signal & Telecommunication,ASSET-SEC-13-0026,Signal,COR-05,SEC-13,1.71,3.07,Intermittent signal failure,2,4,0.544,5,4,2026-06-08,2026-07-17,42,45,60,Signalling,SNT-Team-03,3,Cable Fault Locator|Signal Tester,00:00:00,04:00:00,,,False,Pending,,,True
TASK-0027,TDMS,Traction Distribution,ASSET-SEC-02-0027,Feeder,COR-01,SEC-02,26.22,28.66,OHE alignment deviation,5,5,0.879,4,4,2026-06-03,2026-07-09,50,120,165,Power,TRD-Team-01,6,Insulation Tester|Contact Wire Gauge,22:00:00,23:59:00,,TASK-0086,False,Pending,,,True
TASK-0028,TMS,Engineering,ASSET-SEC-09-0028,Points and Crossings,COR-03,SEC-09,49.68,50.55,Track geometry deviation,3,2,0.428,4,2,2026-07-02,2026-07-09,50,120,165,Power and Track,ENG-Team-01,4,Inspection Trolley,00:00:00,04:00:00,,TASK-0138,False,Pending,,,True
TASK-0029,SMMS,Signal & Telecommunication,ASSET-SEC-06-0029,Communication Cable,COR-02,SEC-06,43.5,44.86,Communication link degradation,4,4,0.846,3,3,2026-08-01,2026-09-26,0,120,165,Signalling,SNT-Team-02,3,Track Circuit Meter|Signal Tester,00:00:00,04:00:00,,TASK-0003,False,Pending,,,True
TASK-0030,TDMS,Traction Distribution,ASSET-SEC-05-0030,Overhead Equipment,COR-02,SEC-05,23.63,23.91,Contact wire wear,4,2,0.67,4,2,2026-07-15,2026-08-29,0,60,105,Power,TRD-Team-01,3,OHE Inspection Vehicle|Tower Wagon,22:00:00,23:59:00,,TASK-0151|TASK-0188,True,Pending,,,True
TASK-0031,TMS,Engineering,ASSET-SEC-06-0031,Rail,COR-02,SEC-06,37.7,38.82,Rail surface defect,4,3,0.749,1,1,2026-07-10,2026-07-30,29,150,165,Track Possession,ENG-Team-01,6,Inspection Trolley|Tamping Machine,22:00:00,23:59:00,,,False,Pending,,,True
TASK-0032,SMMS,Signal & Telecommunication,ASSET-SEC-10-0032,Communication Cable,COR-04,SEC-10,2.13,2.68,Communication link degradation,5,4,0.836,3,1,2026-06-03,2026-06-13,76,60,90,Track Possession,SNT-Team-01,4,Cable Fault Locator,01:00:00,05:00:00,,TASK-0166,False,Pending,,,True
TASK-0033,TDMS,Traction Distribution,ASSET-SEC-15-0033,Overhead Equipment,COR-05,SEC-15,70.48,71.2,Contact wire wear,5,4,0.745,5,4,2026-08-02,2026-08-09,19,90,135,Power and Track,TRD-Team-02,3,Contact Wire Gauge,22:00:00,23:59:00,,,False,Pending,,,True
TASK-0034,TMS,Engineering,ASSET-SEC-06-0034,Ballast,COR-02,SEC-06,34.22,35.6,Damaged sleeper,4,3,0.699,5,5,2026-06-26,2026-07-05,54,150,195,Track Possession,ENG-Team-02,10,Tamping Machine,01:00:00,05:00:00,,,False,Pending,,,True
TASK-0035,SMMS,Signal & Telecommunication,ASSET-SEC-10-0035,Axle Counter,COR-04,SEC-10,3.76,6.34,Axle counter mismatch,4,2,0.648,3,2,2026-08-16,2026-09-05,0,120,165,Signalling,SNT-Team-01,4,Track Circuit Meter,14:00:00,17:00:00,,TASK-0018|TASK-0054,False,Pending,,,True
TASK-0036,TDMS,Traction Distribution,ASSET-SEC-06-0036,Feeder,COR-02,SEC-06,38.89,40.76,OHE alignment deviation,1,5,0.637,4,4,2026-07-23,2026-08-30,0,45,60,Power,TRD-Team-01,6,Tower Wagon,14:00:00,17:00:00,,TASK-0091|TASK-0178,True,Pending,,,True
TASK-0037,TMS,Engineering,ASSET-SEC-12-0037,Ballast,COR-04,SEC-12,35.26,37.32,Damaged sleeper,5,5,0.886,2,1,2026-07-11,2026-08-13,15,180,210,Power and Track,ENG-Team-01,8,Tamping Machine|Inspection Trolley,10:30:00,13:30:00,,TASK-0128|TASK-0141|TASK-0150,True,Pending,,,True
TASK-0038,SMMS,Signal & Telecommunication,ASSET-SEC-09-0038,Signal,COR-03,SEC-09,59.47,60.59,Intermittent signal failure,4,3,0.721,2,3,2026-08-03,2026-08-19,9,120,165,Signalling,SNT-Team-02,2,Axle Counter Tester,10:30:00,13:30:00,,TASK-0165,False,Pending,,,True
TASK-0039,TDMS,Traction Distribution,ASSET-SEC-03-0039,Feeder,COR-01,SEC-03,41.44,44.37,OHE alignment deviation,2,4,0.446,2,1,2026-06-18,2026-07-09,50,45,90,Power,TRD-Team-02,3,Tower Wagon|Insulation Tester,10:30:00,13:30:00,,TASK-0095|TASK-0145,False,Pending,,,True
TASK-0040,TMS,Engineering,ASSET-SEC-07-0040,Rail,COR-03,SEC-07,9.59,11.41,Rail surface defect,2,2,0.463,4,4,2026-06-01,2026-06-07,82,120,135,Track Possession,ENG-Team-02,10,Inspection Trolley|Tamping Machine,01:00:00,05:00:00,,TASK-0012|TASK-0071|TASK-0120,False,Pending,,,True
TASK-0041,SMMS,Signal & Telecommunication,ASSET-SEC-10-0041,Track Circuit,COR-04,SEC-10,0.84,3.73,Track circuit instability,2,2,0.326,1,4,2026-08-15,2026-10-05,0,30,45,Signalling,SNT-Team-03,5,Cable Fault Locator,01:00:00,05:00:00,,TASK-0018|TASK-0166,False,Pending,,,True
TASK-0042,TDMS,Traction Distribution,ASSET-SEC-04-0042,Feeder,COR-02,SEC-04,4.47,5.46,OHE alignment deviation,2,3,0.537,2,3,2026-06-30,2026-07-07,52,150,195,Power,TRD-Team-01,3,Insulation Tester,01:00:00,05:00:00,,,True,Pending,,,True
TASK-0043,TMS,Engineering,ASSET-SEC-05-0043,Bridge Component,COR-02,SEC-05,26.41,28.92,Insufficient ballast,1,4,0.492,5,1,2026-07-22,2026-08-22,6,150,180,Track Possession,ENG-Team-03,8,Ultrasonic Rail Tester|Rail Grinder,22:00:00,23:59:00,,TASK-0047|TASK-0096,False,Pending,,,True
TASK-0044,SMMS,Signal & Telecommunication,ASSET-SEC-01-0044,Point Machine,COR-01,SEC-01,1.6,4.49,Point machine response delay,1,3,0.384,4,4,2026-06-15,2026-07-25,34,45,75,Signalling,SNT-Team-02,4,Cable Fault Locator|Axle Counter Tester,22:00:00,23:59:00,,TASK-0153,False,Pending,,,True
TASK-0045,TDMS,Traction Distribution,ASSET-SEC-06-0045,Feeder,COR-02,SEC-06,45.73,48.33,OHE alignment deviation,4,3,0.706,3,3,2026-07-16,2026-08-14,14,120,165,Power,TRD-Team-02,3,Contact Wire Gauge,00:00:00,04:00:00,,TASK-0065|TASK-0080|TASK-0175,False,Pending,,,True
TASK-0046,TMS,Engineering,ASSET-SEC-09-0046,Bridge Component,COR-03,SEC-09,49.2,49.55,Insufficient ballast,5,4,0.876,4,4,2026-06-22,2026-07-18,41,60,75,Track Possession,ENG-Team-01,6,Tamping Machine,10:30:00,13:30:00,,,False,Pending,,,True
TASK-0047,SMMS,Signal & Telecommunication,ASSET-SEC-05-0047,Communication Cable,COR-02,SEC-05,25.64,27.39,Communication link degradation,1,4,0.557,4,2,2026-08-16,2026-09-02,0,45,75,Signalling,SNT-Team-03,3,Track Circuit Meter|Cable Fault Locator,10:30:00,13:30:00,,TASK-0043|TASK-0067|TASK-0096,False,Pending,,,True
TASK-0048,TDMS,Traction Distribution,ASSET-SEC-15-0048,Insulator,COR-05,SEC-15,61.68,63.97,Feeder voltage anomaly,1,3,0.433,3,5,2026-08-10,2026-10-07,0,120,150,Power and Track,TRD-Team-03,8,Contact Wire Gauge,22:00:00,23:59:00,,TASK-0074,False,Pending,,,True
TASK-0049,TMS,Engineering,ASSET-SEC-08-0049,Bridge Component,COR-03,SEC-08,30.23,31.4,Insufficient ballast,5,4,0.834,1,3,2026-06-18,2026-08-08,20,120,135,Power and Track,ENG-Team-02,10,Inspection Trolley|Ultrasonic Rail Tester,01:00:00,05:00:00,,TASK-0105|TASK-0147,False,Pending,,,True
TASK-0050,SMMS,Signal & Telecommunication,ASSET-SEC-11-0050,Point Machine,COR-04,SEC-11,27.18,29.21,Point machine response delay,1,2,0.286,1,2,2026-08-08,2026-09-11,0,120,150,Signalling,SNT-Team-03,3,Track Circuit Meter,00:00:00,04:00:00,,TASK-0159,True,Pending,,,True
TASK-0051,TDMS,Traction Distribution,ASSET-SEC-13-0051,Feeder,COR-05,SEC-13,22.78,23.33,OHE alignment deviation,1,3,0.453,2,3,2026-05-31,2026-06-28,61,150,180,Power,TRD-Team-03,3,OHE Inspection Vehicle,10:30:00,13:30:00,,TASK-0169,False,Pending,,,True
TASK-0052,TMS,Engineering,ASSET-SEC-02-0052,Sleepers,COR-01,SEC-02,31.69,33.86,Worn crossing,2,3,0.566,2,2,2026-08-15,2026-09-15,0,60,90,Power and Track,ENG-Team-02,6,Tamping Machine|Inspection Trolley,00:00:00,04:00:00,,,True,Pending,,,True
TASK-0053,SMMS,Signal & Telecommunication,ASSET-SEC-02-0053,Point Machine,COR-01,SEC-02,28.97,30.24,Point machine response delay,4,5,0.736,3,5,2026-06-01,2026-06-19,70,90,135,Signalling,SNT-Team-01,5,Signal Tester|Cable Fault Locator,10:30:00,13:30:00,,,False,Pending,,,True
TASK-0054,TDMS,Traction Distribution,ASSET-SEC-10-0054,Contact Wire,COR-04,SEC-10,4.19,7.08,Insulator degradation,4,3,0.59,3,3,2026-05-31,2026-06-19,70,120,150,Power,TRD-Team-03,8,Contact Wire Gauge|Tower Wagon,00:00:00,04:00:00,,TASK-0035|TASK-0070|TASK-0170,True,Pending,,,True
TASK-0055,TMS,Engineering,ASSET-SEC-10-0055,Points and Crossings,COR-04,SEC-10,12.11,14.01,Track geometry deviation,4,3,0.734,2,1,2026-08-21,2026-10-01,0,90,135,Power and Track,ENG-Team-03,4,Tamping Machine,10:30:00,13:30:00,,TASK-0164,False,Pending,,,True
TASK-0056,SMMS,Signal & Telecommunication,ASSET-SEC-08-0056,Communication Cable,COR-03,SEC-08,20.63,21.85,Communication link degradation,3,3,0.627,3,4,2026-08-11,2026-08-19,9,45,60,Signalling,SNT-Team-03,4,Axle Counter Tester|Signal Tester,01:00:00,05:00:00,,,False,Pending,,,True
TASK-0057,TDMS,Traction Distribution,ASSET-SEC-08-0057,Sectioning Equipment,COR-03,SEC-08,38.29,38.63,Sectioning equipment fault,4,5,0.791,3,3,2026-07-30,2026-09-26,0,120,135,Power and Track,TRD-Team-02,6,Tower Wagon,10:30:00,13:30:00,,TASK-0137,True,Pending,,,True
TASK-0058,TMS,Engineering,ASSET-SEC-04-0058,Ballast,COR-02,SEC-04,7.31,9.24,Damaged sleeper,5,4,0.882,1,1,2026-06-17,2026-07-10,49,150,195,Track Possession,ENG-Team-02,4,Inspection Trolley,10:30:00,13:30:00,,TASK-0024|TASK-0123|TASK-0135,True,Pending,,,True
TASK-0059,SMMS,Signal & Telecommunication,ASSET-SEC-15-0059,Point Machine,COR-05,SEC-15,60.17,61.46,Point machine response delay,5,4,0.867,3,2,2026-07-11,2026-08-25,3,45,75,Signalling,SNT-Team-02,3,Axle Counter Tester|Signal Tester,00:00:00,04:00:00,,TASK-0171,False,Pending,,,True
TASK-0060,TDMS,Traction Distribution,ASSET-SEC-02-0060,Contact Wire,COR-01,SEC-02,35.66,36.1,Insulator degradation,1,4,0.389,3,2,2026-06-06,2026-07-01,58,45,75,Power,TRD-Team-03,4,OHE Inspection Vehicle,00:00:00,04:00:00,,TASK-0116,True,Pending,,,True
TASK-0061,TMS,Engineering,ASSET-SEC-13-0061,Sleepers,COR-05,SEC-13,13.02,14.86,Worn crossing,2,5,0.501,1,2,2026-07-29,2026-08-22,6,90,105,Track Possession,ENG-Team-02,6,Rail Grinder,22:00:00,23:59:00,,,False,Pending,,,True
TASK-0062,SMMS,Signal & Telecommunication,ASSET-SEC-01-0062,Signal,COR-01,SEC-01,3.05,3.4,Intermittent signal failure,1,1,0.199,1,5,2026-07-05,2026-08-10,18,60,105,Signalling,SNT-Team-02,2,Cable Fault Locator|Axle Counter Tester,22:00:00,23:59:00,,,True,Pending,,,True
TASK-0063,TDMS,Traction Distribution,ASSET-SEC-08-0063,Overhead Equipment,COR-03,SEC-08,36.1,37.49,Contact wire wear,4,1,0.605,5,5,2026-08-14,2026-09-17,0,90,135,Power and Track,TRD-Team-03,6,Contact Wire Gauge,01:00:00,05:00:00,,,False,Pending,,,True
TASK-0064,TMS,Engineering,ASSET-SEC-10-0064,Ballast,COR-04,SEC-10,7.43,8.9,Damaged sleeper,1,1,0.293,3,4,2026-06-11,2026-07-11,48,180,225,Track Possession,ENG-Team-02,4,Inspection Trolley|Ultrasonic Rail Tester,01:00:00,05:00:00,,TASK-0161|TASK-0170|TASK-0186,False,Pending,,,True
TASK-0065,SMMS,Signal & Telecommunication,ASSET-SEC-06-0065,Signal,COR-02,SEC-06,45.64,46.89,Intermittent signal failure,4,1,0.403,1,5,2026-08-08,2026-09-23,0,30,45,Track Possession,SNT-Team-03,4,Cable Fault Locator|Axle Counter Tester,14:00:00,17:00:00,,TASK-0003|TASK-0045|TASK-0175,False,Pending,,,True
TASK-0066,TDMS,Traction Distribution,ASSET-SEC-07-0066,Sectioning Equipment,COR-03,SEC-07,6.9,8.96,Sectioning equipment fault,1,3,0.39,4,2,2026-07-04,2026-08-31,0,90,105,Power,TRD-Team-02,6,Insulation Tester,22:00:00,23:59:00,TASK-0012,TASK-0004,True,Pending,,,True
TASK-0067,TMS,Engineering,ASSET-SEC-05-0067,Sleepers,COR-02,SEC-05,26.05,28.51,Worn crossing,5,5,0.969,3,3,2026-06-17,2026-08-08,20,180,195,Track Possession,ENG-Team-02,4,Inspection Trolley,22:00:00,23:59:00,,TASK-0047|TASK-0096,True,Pending,,,True
TASK-0068,SMMS,Signal & Telecommunication,ASSET-SEC-03-0068,Point Machine,COR-01,SEC-03,46.69,48.01,Point machine response delay,1,1,0.267,3,3,2026-08-09,2026-09-28,0,45,75,Track Possession,SNT-Team-03,2,Cable Fault Locator|Track Circuit Meter,14:00:00,17:00:00,,,False,Pending,,,True
TASK-0069,TDMS,Traction Distribution,ASSET-SEC-03-0069,Feeder,COR-01,SEC-03,39.33,41.26,OHE alignment deviation,3,4,0.685,1,3,2026-06-02,2026-06-10,79,120,165,Power,TRD-Team-01,6,Insulation Tester|Contact Wire Gauge,14:00:00,17:00:00,,TASK-0079|TASK-0083,False,Pending,,,True
TASK-0070,TMS,Engineering,ASSET-SEC-10-0070,Points and Crossings,COR-04,SEC-10,6.81,8.88,Track geometry deviation,4,5,0.714,1,1,2026-08-22,2026-09-08,0,90,120,Track Possession,ENG-Team-03,10,Tamping Machine|Inspection Trolley,01:00:00,05:00:00,,TASK-0054|TASK-0161|TASK-0170,True,Pending,,,True
TASK-0071,SMMS,Signal & Telecommunication,ASSET-SEC-07-0071,Point Machine,COR-03,SEC-07,10.39,11.23,Point machine response delay,3,1,0.379,5,4,2026-06-17,2026-08-12,16,30,60,Track Possession,SNT-Team-02,5,Axle Counter Tester,00:00:00,04:00:00,,TASK-0012|TASK-0040|TASK-0120,False,Pending,,,True
TASK-0072,TDMS,Traction Distribution,ASSET-SEC-07-0072,Sectioning Equipment,COR-03,SEC-07,0.41,1.52,Sectioning equipment fault,3,1,0.389,3,3,2026-06-09,2026-07-11,48,45,60,Power,TRD-Team-02,4,OHE Inspection Vehicle|Insulation Tester,14:00:00,17:00:00,,,True,Pending,,,True
TASK-0073,TMS,Engineering,ASSET-SEC-11-0073,Bridge Component,COR-04,SEC-11,16.32,17.95,Insufficient ballast,2,2,0.286,2,4,2026-07-14,2026-08-08,20,120,135,Track Possession,ENG-Team-03,10,Rail Grinder,01:00:00,05:00:00,TASK-0001,TASK-0020,False,Pending,,,True
TASK-0074,SMMS,Signal & Telecommunication,ASSET-SEC-15-0074,Axle Counter,COR-05,SEC-15,60.83,62.81,Axle counter mismatch,3,2,0.47,5,1,2026-06-09,2026-07-02,57,90,120,Signalling,SNT-Team-02,5,Axle Counter Tester,10:30:00,13:30:00,,TASK-0048|TASK-0171,True,Pending,,,True
TASK-0075,TDMS,Traction Distribution,ASSET-SEC-06-0075,Feeder,COR-02,SEC-06,48.55,48.96,OHE alignment deviation,5,5,0.896,5,4,2026-08-16,2026-09-27,0,150,195,Power and Track,TRD-Team-01,3,Contact Wire Gauge,00:00:00,04:00:00,,TASK-0175,False,Pending,,,True
TASK-0076,TMS,Engineering,ASSET-SEC-13-0076,Bridge Component,COR-05,SEC-13,21.13,22.25,Insufficient ballast,2,1,0.242,3,3,2026-08-17,2026-09-21,0,150,180,Track Possession,ENG-Team-02,8,Tamping Machine,22:00:00,23:59:00,,TASK-0149|TASK-0173|TASK-0194,False,Pending,,,True
TASK-0077,SMMS,Signal & Telecommunication,ASSET-SEC-01-0077,Track Circuit,COR-01,SEC-01,13.81,15.82,Track circuit instability,1,5,0.57,2,3,2026-08-19,2026-09-12,0,60,90,Signalling,SNT-Team-03,5,Signal Tester|Axle Counter Tester,22:00:00,23:59:00,,TASK-0021,False,Pending,,,True
TASK-0078,TDMS,Traction Distribution,ASSET-SEC-12-0078,Sectioning Equipment,COR-04,SEC-12,47.42,48.05,Sectioning equipment fault,3,2,0.528,3,2,2026-07-10,2026-08-23,5,150,165,Power,TRD-Team-02,8,OHE Inspection Vehicle|Insulation Tester,14:00:00,17:00:00,,TASK-0130|TASK-0152,True,Pending,,,True
TASK-0079,TMS,Engineering,ASSET-SEC-03-0079,Bridge Component,COR-01,SEC-03,39.29,40.32,Insufficient ballast,5,5,0.809,2,5,2026-08-15,2026-09-19,0,120,165,Track Possession,ENG-Team-03,10,Inspection Trolley|Rail Grinder,01:00:00,05:00:00,,TASK-0069|TASK-0083,True,Pending,,,True
TASK-0080,SMMS,Signal & Telecommunication,ASSET-SEC-06-0080,Track Circuit,COR-02,SEC-06,45.84,46.71,Track circuit instability,3,4,0.579,3,4,2026-07-02,2026-08-13,15,45,75,Track Possession,SNT-Team-03,5,Track Circuit Meter|Cable Fault Locator,14:00:00,17:00:00,,TASK-0003|TASK-0045|TASK-0175,False,Pending,,,True
TASK-0081,TDMS,Traction Distribution,ASSET-SEC-14-0081,Overhead Equipment,COR-05,SEC-14,28.49,30.38,Contact wire wear,4,3,0.679,3,4,2026-07-26,2026-08-01,27,45,90,Power and Track,TRD-Team-01,8,OHE Inspection Vehicle|Tower Wagon,22:00:00,23:59:00,,TASK-0124,True,Pending,,,True
TASK-0082,TMS,Engineering,ASSET-SEC-15-0082,Rail,COR-05,SEC-15,52.44,53.9,Rail surface defect,4,1,0.479,3,1,2026-07-14,2026-07-18,41,120,135,Power and Track,ENG-Team-03,8,Inspection Trolley|Rail Grinder,14:00:00,17:00:00,,,False,Pending,,,True
TASK-0083,SMMS,Signal & Telecommunication,ASSET-SEC-03-0083,Axle Counter,COR-01,SEC-03,37.19,39.96,Axle counter mismatch,2,4,0.532,5,5,2026-06-28,2026-08-14,14,30,45,Track Possession,SNT-Team-02,2,Cable Fault Locator,00:00:00,04:00:00,,TASK-0069|TASK-0079|TASK-0172,False,Pending,,,True
TASK-0084,TDMS,Traction Distribution,ASSET-SEC-04-0084,Overhead Equipment,COR-02,SEC-04,4.67,5.0,Contact wire wear,5,4,0.736,3,4,2026-07-05,2026-08-17,11,120,165,Power,TRD-Team-03,6,Insulation Tester,22:00:00,23:59:00,,,True,Pending,,,True
TASK-0085,TMS,Engineering,ASSET-SEC-07-0085,Ballast,COR-03,SEC-07,3.65,5.72,Damaged sleeper,1,5,0.536,4,3,2026-06-21,2026-07-17,42,180,225,Track Possession,ENG-Team-03,4,Rail Grinder|Tamping Machine,00:00:00,04:00:00,,,False,Pending,,,True
TASK-0086,SMMS,Signal & Telecommunication,ASSET-SEC-02-0086,Track Circuit,COR-01,SEC-02,24.21,26.46,Track circuit instability,5,4,0.753,2,2,2026-06-08,2026-06-17,72,60,105,Signalling,SNT-Team-03,5,Track Circuit Meter|Axle Counter Tester,10:30:00,13:30:00,,TASK-0027,True,Pending,,,True
TASK-0087,TDMS,Traction Distribution,ASSET-SEC-04-0087,Overhead Equipment,COR-02,SEC-04,0.68,1.44,Contact wire wear,3,5,0.7,3,1,2026-08-22,2026-09-14,0,150,180,Power and Track,TRD-Team-02,6,Contact Wire Gauge,10:30:00,13:30:00,,,True,Pending,,,True
TASK-0088,TMS,Engineering,ASSET-SEC-06-0088,Sleepers,COR-02,SEC-06,41.65,42.97,Worn crossing,4,3,0.783,4,1,2026-07-02,2026-08-31,0,150,195,Track Possession,ENG-Team-03,6,Rail Grinder|Tamping Machine,14:00:00,17:00:00,,,False,Pending,,,True
TASK-0089,SMMS,Signal & Telecommunication,ASSET-SEC-06-0089,Axle Counter,COR-02,SEC-06,35.8,36.92,Axle counter mismatch,4,5,0.879,3,5,2026-07-21,2026-08-12,16,45,90,Signalling,SNT-Team-02,2,Signal Tester|Axle Counter Tester,14:00:00,17:00:00,,,True,Pending,,,True
TASK-0090,TDMS,Traction Distribution,ASSET-SEC-11-0090,Overhead Equipment,COR-04,SEC-11,21.0,22.64,Contact wire wear,1,2,0.372,3,4,2026-06-02,2026-06-15,74,120,135,Power and Track,TRD-Team-01,4,Contact Wire Gauge,01:00:00,05:00:00,,,False,Pending,,,True
TASK-0091,TMS,Engineering,ASSET-SEC-06-0091,Rail,COR-02,SEC-06,40.51,42.85,Rail surface defect,5,4,0.82,5,4,2026-06-15,2026-06-26,63,120,135,Power and Track,ENG-Team-01,8,Ultrasonic Rail Tester,00:00:00,04:00:00,,TASK-0036,False,Pending,,,True
TASK-0092,SMMS,Signal & Telecommunication,ASSET-SEC-12-0092,Point Machine,COR-04,SEC-12,38.81,41.8,Point machine response delay,4,2,0.491,3,1,2026-07-22,2026-09-07,0,30,60,Track Possession,SNT-Team-03,4,Axle Counter Tester,01:00:00,05:00:00,,TASK-0142,False,Pending,,,True
TASK-0093,TDMS,Traction Distribution,ASSET-SEC-14-0093,Contact Wire,COR-05,SEC-14,27.54,29.73,Insulator degradation,2,3,0.467,5,5,2026-05-30,2026-07-12,47,45,60,Power,TRD-Team-02,4,OHE Inspection Vehicle|Insulation Tester,01:00:00,05:00:00,TASK-0081,TASK-0124|TASK-0200,False,Pending,,,True
TASK-0094,TMS,Engineering,ASSET-SEC-02-0094,Rail,COR-01,SEC-02,19.18,20.49,Rail surface defect,4,4,0.826,5,3,2026-06-27,2026-08-02,26,60,75,Track Possession,ENG-Team-03,6,Ultrasonic Rail Tester|Tamping Machine,10:30:00,13:30:00,,,False,Pending,,,True
TASK-0095,SMMS,Signal & Telecommunication,ASSET-SEC-03-0095,Track Circuit,COR-01,SEC-03,44.29,47.04,Track circuit instability,1,5,0.438,3,2,2026-08-20,2026-10-15,0,45,60,Track Possession,SNT-Team-03,4,Axle Counter Tester|Signal Tester,10:30:00,13:30:00,,TASK-0039,False,Pending,,,True
TASK-0096,TDMS,Traction Distribution,ASSET-SEC-05-0096,Insulator,COR-02,SEC-05,26.75,27.21,Feeder voltage anomaly,5,5,0.839,1,1,2026-06-06,2026-06-19,70,150,195,Power and Track,TRD-Team-03,6,OHE Inspection Vehicle,22:00:00,23:59:00,,TASK-0043|TASK-0047|TASK-0067,False,Pending,,,True
TASK-0097,TMS,Engineering,ASSET-SEC-13-0097,Ballast,COR-05,SEC-13,13.45,15.38,Damaged sleeper,5,4,0.88,1,2,2026-08-24,2026-09-27,0,120,150,Track Possession,ENG-Team-02,10,Ultrasonic Rail Tester|Rail Grinder,01:00:00,05:00:00,,,False,Pending,,,True
TASK-0098,SMMS,Signal & Telecommunication,ASSET-SEC-06-0098,Signal,COR-02,SEC-06,44.62,45.7,Intermittent signal failure,3,4,0.553,1,3,2026-07-18,2026-09-05,0,60,105,Signalling,SNT-Team-01,3,Cable Fault Locator|Track Circuit Meter,22:00:00,23:59:00,,TASK-0003,True,Pending,,,True
TASK-0099,TDMS,Traction Distribution,ASSET-SEC-05-0099,Feeder,COR-02,SEC-05,32.54,33.83,OHE alignment deviation,2,3,0.573,4,1,2026-07-05,2026-07-23,36,90,105,Power,TRD-Team-02,8,Tower Wagon|Insulation Tester,01:00:00,05:00:00,,TASK-0014,False,Pending,,,True
TASK-0100,TMS,Engineering,ASSET-SEC-04-0100,Points and Crossings,COR-02,SEC-04,9.04,9.38,Track geometry deviation,5,4,0.791,3,1,2026-07-22,2026-08-25,3,60,75,Track Possession,ENG-Team-01,6,Tamping Machine|Inspection Trolley,14:00:00,17:00:00,,TASK-0024|TASK-0123|TASK-0197,False,Pending,,,True
TASK-0101,SMMS,Signal & Telecommunication,ASSET-SEC-05-0101,Axle Counter,COR-02,SEC-05,17.29,18.9,Axle counter mismatch,5,5,0.83,5,5,2026-06-18,2026-07-08,51,30,60,Signalling,SNT-Team-03,2,Cable Fault Locator|Signal Tester,10:30:00,13:30:00,,TASK-0127,True,Pending,,,True
TASK-0102,TDMS,Traction Distribution,ASSET-SEC-03-0102,Insulator,COR-01,SEC-03,49.34,51.79,Feeder voltage anomaly,2,5,0.723,5,3,2026-06-22,2026-07-24,35,60,90,Power and Track,TRD-Team-02,8,Tower Wagon,22:00:00,23:59:00,,TASK-0134|TASK-0176,False,Pending,,,True
TASK-0103,TMS,Engineering,ASSET-SEC-05-0103,Sleepers,COR-02,SEC-05,24.31,24.56,Worn crossing,1,4,0.466,5,4,2026-07-16,2026-08-31,0,60,105,Track Possession,ENG-Team-03,10,Rail Grinder,14:00:00,17:00:00,,,True,Pending,,,True
TASK-0104,SMMS,Signal & Telecommunication,ASSET-SEC-11-0104,Track Circuit,COR-04,SEC-11,18.38,20.18,Track circuit instability,2,1,0.29,1,2,2026-05-30,2026-06-09,80,90,105,Track Possession,SNT-Team-01,4,Track Circuit Meter|Axle Counter Tester,14:00:00,17:00:00,,TASK-0001|TASK-0025,False,Pending,,,True
TASK-0105,TDMS,Traction Distribution,ASSET-SEC-08-0105,Contact Wire,COR-03,SEC-08,29.98,31.06,Insulator degradation,5,4,0.857,5,3,2026-08-05,2026-09-06,0,90,135,Power,TRD-Team-02,6,Contact Wire Gauge,14:00:00,17:00:00,,TASK-0049,False,Pending,,,True
TASK-0106,TMS,Engineering,ASSET-SEC-12-0106,Sleepers,COR-04,SEC-12,43.34,44.43,Worn crossing,3,3,0.47,1,3,2026-07-14,2026-08-21,7,180,210,Power and Track,ENG-Team-01,8,Tamping Machine,14:00:00,17:00:00,,TASK-0002,False,Pending,,,True
TASK-0107,SMMS,Signal & Telecommunication,ASSET-SEC-11-0107,Communication Cable,COR-04,SEC-11,18.6,20.14,Communication link degradation,5,4,0.953,1,5,2026-08-02,2026-09-26,0,60,75,Signalling,SNT-Team-03,3,Cable Fault Locator,00:00:00,04:00:00,,TASK-0025,True,Pending,,,True
TASK-0108,TDMS,Traction Distribution,ASSET-SEC-07-0108,Feeder,COR-03,SEC-07,6.44,7.96,OHE alignment deviation,2,1,0.421,3,3,2026-06-01,2026-07-23,36,60,90,Power and Track,TRD-Team-01,3,Contact Wire Gauge,14:00:00,17:00:00,,TASK-0004,False,Pending,,,True
TASK-0109,TMS,Engineering,ASSET-SEC-04-0109,Points and Crossings,COR-02,SEC-04,8.29,10.51,Track geometry deviation,4,2,0.693,3,5,2026-08-23,2026-09-06,0,60,90,Power and Track,ENG-Team-01,8,Rail Grinder|Ultrasonic Rail Tester,14:00:00,17:00:00,,TASK-0024|TASK-0123|TASK-0197,True,Pending,,,True
TASK-0110,SMMS,Signal & Telecommunication,ASSET-SEC-11-0110,Point Machine,COR-04,SEC-11,23.19,24.77,Point machine response delay,5,4,0.788,3,3,2026-08-10,2026-10-06,0,30,60,Track Possession,SNT-Team-03,3,Cable Fault Locator|Signal Tester,01:00:00,05:00:00,TASK-0104,,False,Pending,,,True
TASK-0111,TDMS,Traction Distribution,ASSET-SEC-14-0111,Feeder,COR-05,SEC-14,38.37,39.71,OHE alignment deviation,3,1,0.38,3,4,2026-07-04,2026-08-08,20,45,60,Power,TRD-Team-02,6,Insulation Tester|OHE Inspection Vehicle,01:00:00,05:00:00,TASK-0081,,False,Pending,,,True
TASK-0112,TMS,Engineering,ASSET-SEC-05-0112,Points and Crossings,COR-02,SEC-05,26.19,27.99,Track geometry deviation,3,2,0.376,1,3,2026-07-25,2026-09-07,0,60,90,Track Possession,ENG-Team-03,6,Tamping Machine|Ultrasonic Rail Tester,10:30:00,13:30:00,,TASK-0047|TASK-0096,True,Pending,,,True
TASK-0113,SMMS,Signal & Telecommunication,ASSET-SEC-03-0113,Track Circuit,COR-01,SEC-03,45.11,46.58,Track circuit instability,4,5,0.928,5,3,2026-06-11,2026-07-07,52,120,165,Signalling,SNT-Team-03,2,Track Circuit Meter,01:00:00,05:00:00,,,True,Pending,,,True
TASK-0114,TDMS,Traction Distribution,ASSET-SEC-09-0114,Sectioning Equipment,COR-03,SEC-09,58.46,59.13,Sectioning equipment fault,2,3,0.554,4,1,2026-06-20,2026-07-02,57,120,135,Power,TRD-Team-01,8,OHE Inspection Vehicle|Contact Wire Gauge,01:00:00,05:00:00,,,False,Pending,,,True
TASK-0115,TMS,Engineering,ASSET-SEC-01-0115,Bridge Component,COR-01,SEC-01,9.78,11.86,Insufficient ballast,1,4,0.384,4,3,2026-07-19,2026-09-06,0,60,105,Power and Track,ENG-Team-01,4,Rail Grinder,01:00:00,05:00:00,,,False,Pending,,,True
TASK-0116,SMMS,Signal & Telecommunication,ASSET-SEC-02-0116,Point Machine,COR-01,SEC-02,35.75,36.21,Point machine response delay,2,2,0.451,5,2,2026-07-22,2026-08-20,8,90,120,Track Possession,SNT-Team-02,2,Track Circuit Meter|Signal Tester,14:00:00,17:00:00,,TASK-0060,False,Pending,,,True
TASK-0117,TDMS,Traction Distribution,ASSET-SEC-09-0117,Feeder,COR-03,SEC-09,47.75,48.31,OHE alignment deviation,1,1,0.325,4,3,2026-07-30,2026-09-24,0,120,165,Power,TRD-Team-02,4,Insulation Tester|OHE Inspection Vehicle,22:00:00,23:59:00,,,False,Pending,,,True
TASK-0118,TMS,Engineering,ASSET-SEC-12-0118,Rail,COR-04,SEC-12,44.4,44.69,Rail surface defect,5,4,0.78,1,4,2026-06-04,2026-07-03,56,60,75,Track Possession,ENG-Team-01,6,Rail Grinder|Ultrasonic Rail Tester,22:00:00,23:59:00,,,False,Pending,,,True
TASK-0119,SMMS,Signal & Telecommunication,ASSET-SEC-13-0119,Track Circuit,COR-05,SEC-13,1.33,2.94,Track circuit instability,5,4,0.864,3,3,2026-07-21,2026-08-07,21,60,75,Signalling,SNT-Team-03,3,Track Circuit Meter,10:30:00,13:30:00,,,False,Pending,,,True
TASK-0120,TDMS,Traction Distribution,ASSET-SEC-07-0120,Insulator,COR-03,SEC-07,10.84,11.17,Feeder voltage anomaly,4,5,0.78,4,2,2026-07-14,2026-08-27,1,120,150,Power,TRD-Team-02,4,Insulation Tester|Contact Wire Gauge,01:00:00,05:00:00,,TASK-0040|TASK-0071,False,Pending,,,True
TASK-0121,TMS,Engineering,ASSET-SEC-15-0121,Rail,COR-05,SEC-15,48.41,49.77,Rail surface defect,5,4,0.817,5,2,2026-07-05,2026-08-12,16,120,135,Track Possession,ENG-Team-02,10,Tamping Machine|Rail Grinder,10:30:00,13:30:00,,TASK-0011|TASK-0017,False,Pending,,,True
TASK-0122,SMMS,Signal & Telecommunication,ASSET-SEC-10-0122,Track Circuit,COR-04,SEC-10,0.55,0.95,Track circuit instability,5,4,0.84,4,2,2026-06-13,2026-08-01,27,60,90,Track Possession,SNT-Team-03,3,Signal Tester,00:00:00,04:00:00,,TASK-0166,False,Pending,,,True
TASK-0123,TDMS,Traction Distribution,ASSET-SEC-04-0123,Feeder,COR-02,SEC-04,8.56,10.93,OHE alignment deviation,5,4,0.797,3,2,2026-07-10,2026-08-11,17,90,135,Power,TRD-Team-02,8,Tower Wagon,14:00:00,17:00:00,,TASK-0016|TASK-0058|TASK-0100,True,Pending,,,True
TASK-0124,TMS,Engineering,ASSET-SEC-14-0124,Sleepers,COR-05,SEC-14,28.98,29.59,Worn crossing,5,5,0.98,5,2,2026-07-25,2026-09-01,0,120,135,Track Possession,ENG-Team-03,8,Ultrasonic Rail Tester,01:00:00,05:00:00,,TASK-0081|TASK-0093,True,Pending,,,True
TASK-0125,SMMS,Signal & Telecommunication,ASSET-SEC-14-0125,Communication Cable,COR-05,SEC-14,34.99,37.22,Communication link degradation,2,3,0.382,1,1,2026-06-26,2026-07-28,31,120,150,Signalling,SNT-Team-02,3,Signal Tester,01:00:00,05:00:00,,,False,Pending,,,True
TASK-0126,TDMS,Traction Distribution,ASSET-SEC-04-0126,Overhead Equipment,COR-02,SEC-04,1.05,1.67,Contact wire wear,4,3,0.555,1,1,2026-07-31,2026-09-04,0,150,180,Power and Track,TRD-Team-03,6,Tower Wagon,14:00:00,17:00:00,TASK-0123,,False,Pending,,,True
TASK-0127,TMS,Engineering,ASSET-SEC-05-0127,Points and Crossings,COR-02,SEC-05,16.3,18.78,Track geometry deviation,2,1,0.41,4,1,2026-06-02,2026-07-02,57,180,195,Track Possession,ENG-Team-02,10,Tamping Machine|Inspection Trolley,01:00:00,05:00:00,,TASK-0101,False,Pending,,,True
TASK-0128,SMMS,Signal & Telecommunication,ASSET-SEC-12-0128,Signal,COR-04,SEC-12,34.95,37.07,Intermittent signal failure,1,1,0.181,1,4,2026-08-17,2026-09-30,0,90,135,Signalling,SNT-Team-03,4,Cable Fault Locator,14:00:00,17:00:00,,TASK-0037|TASK-0141|TASK-0150,False,Pending,,,True
TASK-0129,TDMS,Traction Distribution,ASSET-SEC-14-0129,Sectioning Equipment,COR-05,SEC-14,45.91,46.91,Sectioning equipment fault,2,5,0.619,3,1,2026-08-22,2026-09-08,0,45,60,Power,TRD-Team-03,4,Insulation Tester,10:30:00,13:30:00,,,False,Pending,,,True
TASK-0130,TMS,Engineering,ASSET-SEC-12-0130,Sleepers,COR-04,SEC-12,45.37,48.17,Worn crossing,5,4,0.862,1,5,2026-07-20,2026-08-02,26,150,195,Power and Track,ENG-Team-02,4,Inspection Trolley|Tamping Machine,22:00:00,23:59:00,,TASK-0078|TASK-0152,True,Pending,,,True
TASK-0131,SMMS,Signal & Telecommunication,ASSET-SEC-04-0131,Track Circuit,COR-02,SEC-04,13.0,14.15,Track circuit instability,4,3,0.547,2,5,2026-06-10,2026-07-21,38,60,90,Track Possession,SNT-Team-02,2,Track Circuit Meter|Cable Fault Locator,14:00:00,17:00:00,,TASK-0009|TASK-0174,False,Pending,,,True
TASK-0132,TDMS,Traction Distribution,ASSET-SEC-05-0132,Insulator,COR-02,SEC-05,29.97,32.17,Feeder voltage anomaly,2,4,0.598,1,3,2026-08-17,2026-09-06,0,60,105,Power,TRD-Team-02,6,OHE Inspection Vehicle|Tower Wagon,14:00:00,17:00:00,,TASK-0191,True,Pending,,,True
TASK-0133,TMS,Engineering,ASSET-SEC-02-0133,Bridge Component,COR-01,SEC-02,21.37,22.83,Insufficient ballast,4,1,0.387,3,4,2026-06-17,2026-07-22,37,120,165,Track Possession,ENG-Team-01,6,Ultrasonic Rail Tester|Rail Grinder,00:00:00,04:00:00,,,False,Pending,,,True
TASK-0134,SMMS,Signal & Telecommunication,ASSET-SEC-03-0134,Point Machine,COR-01,SEC-03,48.84,49.51,Point machine response delay,3,4,0.556,3,3,2026-07-24,2026-08-15,13,45,75,Signalling,SNT-Team-03,5,Track Circuit Meter|Signal Tester,10:30:00,13:30:00,,TASK-0102|TASK-0192,False,Pending,,,True
TASK-0135,TDMS,Traction Distribution,ASSET-SEC-04-0135,Feeder,COR-02,SEC-04,7.1,7.68,OHE alignment deviation,3,5,0.695,3,5,2026-08-27,2026-09-24,0,90,120,Power and Track,TRD-Team-01,8,Contact Wire Gauge,10:30:00,13:30:00,,TASK-0058,False,Pending,,,True
TASK-0136,TMS,Engineering,ASSET-SEC-07-0136,Ballast,COR-03,SEC-07,18.89,19.36,Damaged sleeper,4,5,0.895,2,5,2026-05-31,2026-07-13,46,120,150,Power and Track,ENG-Team-01,4,Rail Grinder|Tamping Machine,10:30:00,13:30:00,,,False,Pending,,,True
TASK-0137,SMMS,Signal & Telecommunication,ASSET-SEC-08-0137,Track Circuit,COR-03,SEC-08,37.92,38.41,Track circuit instability,1,4,0.488,4,4,2026-07-21,2026-09-15,0,45,90,Signalling,SNT-Team-02,5,Cable Fault Locator|Axle Counter Tester,10:30:00,13:30:00,,TASK-0057,False,Pending,,,True
TASK-0138,TDMS,Traction Distribution,ASSET-SEC-09-0138,Sectioning Equipment,COR-03,SEC-09,50.14,52.92,Sectioning equipment fault,5,4,0.918,2,3,2026-05-31,2026-06-29,60,90,135,Power,TRD-Team-03,3,OHE Inspection Vehicle,22:00:00,23:59:00,,TASK-0028,False,Pending,,,True
TASK-0139,TMS,Engineering,ASSET-SEC-11-0139,Bridge Component,COR-04,SEC-11,25.34,26.66,Insufficient ballast,4,1,0.383,3,4,2026-07-16,2026-09-07,0,120,135,Track Possession,ENG-Team-03,6,Ultrasonic Rail Tester,22:00:00,23:59:00,,TASK-0158,False,Pending,,,True
TASK-0140,SMMS,Signal & Telecommunication,ASSET-SEC-01-0140,Point Machine,COR-01,SEC-01,8.45,9.48,Point machine response delay,2,3,0.418,4,4,2026-08-17,2026-08-27,1,90,105,Signalling,SNT-Team-01,4,Track Circuit Meter|Signal Tester,22:00:00,23:59:00,TASK-0062,TASK-0193,True,Pending,,,True
TASK-0141,TDMS,Traction Distribution,ASSET-SEC-12-0141,Sectioning Equipment,COR-04,SEC-12,33.01,35.59,Sectioning equipment fault,2,2,0.389,4,2,2026-06-06,2026-06-15,74,150,165,Power,TRD-Team-03,8,Tower Wagon|OHE Inspection Vehicle,10:30:00,13:30:00,,TASK-0037|TASK-0128|TASK-0160,False,Pending,,,True
TASK-0142,TMS,Engineering,ASSET-SEC-12-0142,Bridge Component,COR-04,SEC-12,41.75,42.5,Insufficient ballast,4,1,0.556,3,3,2026-06-13,2026-07-13,46,90,120,Track Possession,ENG-Team-02,4,Inspection Trolley,00:00:00,04:00:00,,TASK-0002|TASK-0092,True,Pending,,,True
TASK-0143,SMMS,Signal & Telecommunication,ASSET-SEC-14-0143,Point Machine,COR-05,SEC-14,35.01,37.91,Point machine response delay,4,5,0.798,5,5,2026-07-18,2026-08-28,0,30,60,Signalling,SNT-Team-03,3,Axle Counter Tester,10:30:00,13:30:00,,,False,Pending,,,True
TASK-0144,TDMS,Traction Distribution,ASSET-SEC-04-0144,Feeder,COR-02,SEC-04,4.73,5.44,OHE alignment deviation,5,4,0.825,5,2,2026-05-31,2026-06-12,77,60,105,Power and Track,TRD-Team-01,8,Tower Wagon,14:00:00,17:00:00,,,True,Pending,,,True
TASK-0145,TMS,Engineering,ASSET-SEC-03-0145,Bridge Component,COR-01,SEC-03,42.16,43.62,Insufficient ballast,3,1,0.401,4,4,2026-08-21,2026-10-18,0,90,120,Power and Track,ENG-Team-02,10,Ultrasonic Rail Tester|Tamping Machine,22:00:00,23:59:00,,TASK-0039|TASK-0198,True,Pending,,,True
TASK-0146,SMMS,Signal & Telecommunication,ASSET-SEC-10-0146,Point Machine,COR-04,SEC-10,0.43,2.76,Point machine response delay,3,2,0.494,3,5,2026-07-21,2026-07-26,33,45,75,Signalling,SNT-Team-03,2,Signal Tester,22:00:00,23:59:00,,TASK-0166,False,Pending,,,True
TASK-0147,TDMS,Traction Distribution,ASSET-SEC-08-0147,Insulator,COR-03,SEC-08,30.38,33.35,Feeder voltage anomaly,2,3,0.559,1,2,2026-08-14,2026-10-03,0,45,75,Power,TRD-Team-03,6,Tower Wagon,10:30:00,13:30:00,,TASK-0049,False,Pending,,,True
TASK-0148,TMS,Engineering,ASSET-SEC-10-0148,Sleepers,COR-04,SEC-10,8.86,9.52,Worn crossing,2,2,0.461,3,3,2026-08-10,2026-10-02,0,180,210,Power and Track,ENG-Team-02,4,Tamping Machine,22:00:00,23:59:00,,TASK-0161|TASK-0186,True,Pending,,,True
TASK-0149,SMMS,Signal & Telecommunication,ASSET-SEC-13-0149,Point Machine,COR-05,SEC-13,18.46,21.23,Point machine response delay,2,2,0.322,4,4,2026-07-23,2026-09-19,0,60,75,Signalling,SNT-Team-01,2,Axle Counter Tester,14:00:00,17:00:00,,TASK-0076,False,Pending,,,True
TASK-0150,TDMS,Traction Distribution,ASSET-SEC-12-0150,Insulator,COR-04,SEC-12,35.87,38.69,Feeder voltage anomaly,4,3,0.685,2,4,2026-07-11,2026-08-12,16,45,90,Power,TRD-Team-02,6,Tower Wagon,14:00:00,17:00:00,,TASK-0037|TASK-0128|TASK-0199,False,Pending,,,True
TASK-0151,TMS,Engineering,ASSET-SEC-05-0151,Ballast,COR-02,SEC-05,21.91,23.73,Damaged sleeper,4,3,0.764,2,4,2026-06-16,2026-08-12,16,60,75,Track Possession,ENG-Team-01,10,Rail Grinder,00:00:00,04:00:00,TASK-0043,TASK-0030|TASK-0188,True,Pending,,,True
TASK-0152,SMMS,Signal & Telecommunication,ASSET-SEC-12-0152,Track Circuit,COR-04,SEC-12,46.91,48.78,Track circuit instability,3,1,0.444,3,2,2026-07-20,2026-08-02,26,60,75,Signalling,SNT-Team-03,2,Track Circuit Meter,10:30:00,13:30:00,,TASK-0078|TASK-0130,False,Pending,,,True
TASK-0153,TDMS,Traction Distribution,ASSET-SEC-01-0153,Contact Wire,COR-01,SEC-01,3.73,4.15,Insulator degradation,5,4,0.722,4,1,2026-06-13,2026-06-30,59,90,105,Power and Track,TRD-Team-01,3,OHE Inspection Vehicle|Tower Wagon,14:00:00,17:00:00,,TASK-0044,False,Pending,,,True
TASK-0154,TMS,Engineering,ASSET-SEC-15-0154,Ballast,COR-05,SEC-15,54.33,55.6,Damaged sleeper,2,1,0.313,2,4,2026-08-10,2026-09-23,0,60,105,Power and Track,ENG-Team-03,10,Inspection Trolley|Tamping Machine,01:00:00,05:00:00,,,False,Pending,,,True
TASK-0155,SMMS,Signal & Telecommunication,ASSET-SEC-02-0155,Axle Counter,COR-01,SEC-02,34.14,34.64,Axle counter mismatch,4,3,0.781,5,5,2026-08-12,2026-09-21,0,60,75,Track Possession,SNT-Team-03,4,Cable Fault Locator,01:00:00,05:00:00,,TASK-0022,False,Pending,,,True
TASK-0156,TDMS,Traction Distribution,ASSET-SEC-12-0156,Contact Wire,COR-04,SEC-12,31.47,34.04,Insulator degradation,5,5,0.927,2,4,2026-07-20,2026-08-05,23,120,150,Power and Track,TRD-Team-03,3,Tower Wagon|OHE Inspection Vehicle,00:00:00,04:00:00,,TASK-0160,False,Pending,,,True
TASK-0157,TMS,Engineering,ASSET-SEC-01-0157,Rail,COR-01,SEC-01,17.27,17.96,Rail surface defect,5,4,0.811,3,2,2026-08-11,2026-09-07,0,90,120,Track Possession,ENG-Team-01,10,Rail Grinder,00:00:00,04:00:00,,,False,Pending,,,True
TASK-0158,SMMS,Signal & Telecommunication,ASSET-SEC-11-0158,Axle Counter,COR-04,SEC-11,25.9,28.25,Axle counter mismatch,4,1,0.54,1,5,2026-07-04,2026-08-20,8,120,165,Signalling,SNT-Team-01,4,Axle Counter Tester,01:00:00,05:00:00,,TASK-0139|TASK-0159,False,Pending,,,True
TASK-0159,TDMS,Traction Distribution,ASSET-SEC-11-0159,Overhead Equipment,COR-04,SEC-11,26.71,28.73,Contact wire wear,3,4,0.702,5,5,2026-06-06,2026-06-13,76,60,75,Power,TRD-Team-02,4,OHE Inspection Vehicle|Insulation Tester,01:00:00,05:00:00,,TASK-0050|TASK-0158,True,Pending,,,True
TASK-0160,TMS,Engineering,ASSET-SEC-12-0160,Points and Crossings,COR-04,SEC-12,33.4,33.63,Track geometry deviation,5,5,0.98,3,4,2026-06-25,2026-07-20,39,120,135,Track Possession,ENG-Team-03,4,Rail Grinder|Ultrasonic Rail Tester,10:30:00,13:30:00,,TASK-0141|TASK-0156,True,Pending,,,True
TASK-0161,SMMS,Signal & Telecommunication,ASSET-SEC-10-0161,Axle Counter,COR-04,SEC-10,8.79,10.38,Axle counter mismatch,1,4,0.535,2,5,2026-06-23,2026-07-19,40,45,75,Signalling,SNT-Team-01,2,Signal Tester,01:00:00,05:00:00,,TASK-0064|TASK-0070|TASK-0148,False,Pending,,,True
TASK-0162,TDMS,Traction Distribution,ASSET-SEC-08-0162,Contact Wire,COR-03,SEC-08,26.92,29.7,Insulator degradation,1,5,0.601,1,5,2026-08-05,2026-10-01,0,120,135,Power,TRD-Team-01,3,Contact Wire Gauge|Insulation Tester,10:30:00,13:30:00,,,True,Pending,,,True
TASK-0163,TMS,Engineering,ASSET-SEC-13-0163,Bridge Component,COR-05,SEC-13,12.12,12.45,Insufficient ballast,4,3,0.733,2,3,2026-07-07,2026-07-14,45,120,150,Power and Track,ENG-Team-02,6,Rail Grinder|Inspection Trolley,00:00:00,04:00:00,,,False,Pending,,,True
TASK-0164,SMMS,Signal & Telecommunication,ASSET-SEC-10-0164,Communication Cable,COR-04,SEC-10,13.61,14.5,Communication link degradation,5,4,0.758,1,4,2026-08-02,2026-09-20,0,90,105,Track Possession,SNT-Team-03,4,Signal Tester|Cable Fault Locator,01:00:00,05:00:00,,TASK-0007|TASK-0055,False,Pending,,,True
TASK-0165,TDMS,Traction Distribution,ASSET-SEC-09-0165,Insulator,COR-03,SEC-09,60.15,60.62,Feeder voltage anomaly,3,1,0.291,1,5,2026-08-20,2026-09-01,0,60,105,Power,TRD-Team-03,8,OHE Inspection Vehicle|Contact Wire Gauge,14:00:00,17:00:00,,TASK-0038,True,Pending,,,True
TASK-0166,TMS,Engineering,ASSET-SEC-10-0166,Sleepers,COR-04,SEC-10,0.87,2.92,Worn crossing,3,3,0.653,1,2,2026-08-11,2026-08-29,0,150,195,Track Possession,ENG-Team-03,4,Tamping Machine|Rail Grinder,10:30:00,13:30:00,,TASK-0032|TASK-0041|TASK-0122,True,Pending,,,True
TASK-0167,SMMS,Signal & Telecommunication,ASSET-SEC-03-0167,Signal,COR-01,SEC-03,44.59,45.67,Intermittent signal failure,3,2,0.473,5,1,2026-08-12,2026-09-18,0,90,120,Signalling,SNT-Team-02,3,Axle Counter Tester,00:00:00,04:00:00,,,True,Pending,,,True
TASK-0168,TDMS,Traction Distribution,ASSET-SEC-04-0168,Feeder,COR-02,SEC-04,15.01,15.52,OHE alignment deviation,3,3,0.645,4,1,2026-08-21,2026-10-06,0,60,75,Power,TRD-Team-01,3,OHE Inspection Vehicle,14:00:00,17:00:00,,,True,Pending,,,True
TASK-0169,TMS,Engineering,ASSET-SEC-13-0169,Points and Crossings,COR-05,SEC-13,23.09,23.38,Track geometry deviation,1,5,0.547,3,1,2026-07-07,2026-08-02,26,60,75,Track Possession,ENG-Team-02,4,Inspection Trolley|Rail Grinder,00:00:00,04:00:00,,TASK-0051,True,Pending,,,True
TASK-0170,SMMS,Signal & Telecommunication,ASSET-SEC-10-0170,Axle Counter,COR-04,SEC-10,6.06,8.29,Axle counter mismatch,4,4,0.663,5,5,2026-06-25,2026-06-29,60,45,60,Track Possession,SNT-Team-01,4,Cable Fault Locator|Signal Tester,10:30:00,13:30:00,,TASK-0054|TASK-0064|TASK-0070,False,Pending,,,True
TASK-0171,TDMS,Traction Distribution,ASSET-SEC-15-0171,Overhead Equipment,COR-05,SEC-15,60.49,60.86,Contact wire wear,2,4,0.47,5,4,2026-07-23,2026-08-19,9,150,165,Power,TRD-Team-03,6,Contact Wire Gauge|Insulation Tester,22:00:00,23:59:00,TASK-0048,TASK-0059|TASK-0074,False,Pending,,,True
TASK-0172,TMS,Engineering,ASSET-SEC-03-0172,Bridge Component,COR-01,SEC-03,36.97,38.84,Insufficient ballast,3,1,0.482,1,2,2026-08-24,2026-10-23,0,150,195,Power and Track,ENG-Team-01,8,Inspection Trolley,10:30:00,13:30:00,,TASK-0083|TASK-0185,False,Pending,,,True
TASK-0173,SMMS,Signal & Telecommunication,ASSET-SEC-13-0173,Communication Cable,COR-05,SEC-13,21.56,21.89,Communication link degradation,4,3,0.774,1,3,2026-07-30,2026-09-07,0,45,60,Track Possession,SNT-Team-03,3,Axle Counter Tester|Track Circuit Meter,01:00:00,05:00:00,,TASK-0076,False,Pending,,,True
TASK-0174,TDMS,Traction Distribution,ASSET-SEC-04-0174,Sectioning Equipment,COR-02,SEC-04,12.97,15.44,Sectioning equipment fault,3,2,0.483,5,4,2026-06-25,2026-08-01,27,45,60,Power,TRD-Team-02,4,OHE Inspection Vehicle,01:00:00,05:00:00,,TASK-0131,False,Pending,,,True
TASK-0175,TMS,Engineering,ASSET-SEC-06-0175,Sleepers,COR-02,SEC-06,46.55,49.32,Worn crossing,1,2,0.307,4,5,2026-07-17,2026-07-23,36,90,105,Track Possession,ENG-Team-02,8,Tamping Machine,22:00:00,23:59:00,,TASK-0003|TASK-0045|TASK-0065,False,Pending,,,True
TASK-0176,SMMS,Signal & Telecommunication,ASSET-SEC-03-0176,Axle Counter,COR-01,SEC-03,49.68,51.1,Axle counter mismatch,3,2,0.537,4,3,2026-06-07,2026-07-11,48,120,165,Track Possession,SNT-Team-03,4,Cable Fault Locator,22:00:00,23:59:00,,TASK-0102|TASK-0192,False,Pending,,,True
TASK-0177,TDMS,Traction Distribution,ASSET-SEC-12-0177,Sectioning Equipment,COR-04,SEC-12,31.03,33.2,Sectioning equipment fault,5,4,0.766,2,3,2026-06-15,2026-07-13,46,90,135,Power and Track,TRD-Team-01,4,Tower Wagon,01:00:00,05:00:00,TASK-0141,,False,Pending,,,True
TASK-0178,TMS,Engineering,ASSET-SEC-06-0178,Sleepers,COR-02,SEC-06,36.94,39.62,Worn crossing,3,4,0.523,1,1,2026-08-16,2026-10-10,0,90,105,Track Possession,ENG-Team-02,10,Rail Grinder|Tamping Machine,00:00:00,04:00:00,,TASK-0036,False,Pending,,,True
TASK-0179,SMMS,Signal & Telecommunication,ASSET-SEC-15-0179,Track Circuit,COR-05,SEC-15,57.14,59.81,Track circuit instability,4,1,0.587,3,1,2026-07-14,2026-08-20,8,120,165,Signalling,SNT-Team-02,2,Signal Tester|Track Circuit Meter,01:00:00,05:00:00,,,True,Pending,,,True
TASK-0180,TDMS,Traction Distribution,ASSET-SEC-03-0180,Feeder,COR-01,SEC-03,52.48,53.05,OHE alignment deviation,1,3,0.389,2,1,2026-08-18,2026-09-25,0,150,180,Power,TRD-Team-02,4,Tower Wagon,00:00:00,04:00:00,,,False,Pending,,,True
TASK-0181,TMS,Engineering,ASSET-SEC-07-0181,Bridge Component,COR-03,SEC-07,13.6,15.82,Insufficient ballast,3,3,0.499,3,1,2026-06-19,2026-07-08,51,60,90,Track Possession,ENG-Team-01,8,Inspection Trolley|Rail Grinder,22:00:00,23:59:00,,,False,Pending,,,True
TASK-0182,SMMS,Signal & Telecommunication,ASSET-SEC-11-0182,Point Machine,COR-04,SEC-11,24.1,24.86,Point machine response delay,2,3,0.584,3,1,2026-08-24,2026-09-09,0,90,105,Track Possession,SNT-Team-03,5,Track Circuit Meter|Axle Counter Tester,10:30:00,13:30:00,,,False,Pending,,,True
TASK-0183,TDMS,Traction Distribution,ASSET-SEC-15-0183,Contact Wire,COR-05,SEC-15,56.35,57.07,Insulator degradation,4,4,0.686,3,5,2026-08-22,2026-09-10,0,90,135,Power,TRD-Team-03,4,OHE Inspection Vehicle,00:00:00,04:00:00,,,False,Pending,,,True
TASK-0184,TMS,Engineering,ASSET-SEC-14-0184,Ballast,COR-05,SEC-14,32.71,34.37,Damaged sleeper,4,5,0.92,1,4,2026-06-20,2026-08-05,23,150,180,Track Possession,ENG-Team-01,6,Inspection Trolley,00:00:00,04:00:00,,TASK-0189,False,Pending,,,True
TASK-0185,SMMS,Signal & Telecommunication,ASSET-SEC-03-0185,Signal,COR-01,SEC-03,37.27,37.69,Intermittent signal failure,2,2,0.469,3,3,2026-06-01,2026-07-01,58,60,90,Track Possession,SNT-Team-02,2,Track Circuit Meter|Axle Counter Tester,00:00:00,04:00:00,,TASK-0172,False,Pending,,,True
TASK-0186,TDMS,Traction Distribution,ASSET-SEC-10-0186,Sectioning Equipment,COR-04,SEC-10,8.23,10.62,Sectioning equipment fault,2,2,0.402,5,3,2026-08-13,2026-09-11,0,150,165,Power,TRD-Team-02,8,Contact Wire Gauge,00:00:00,04:00:00,,TASK-0064|TASK-0070|TASK-0148,False,Pending,,,True
TASK-0187,TMS,Engineering,ASSET-SEC-10-0187,Sleepers,COR-04,SEC-10,8.53,8.83,Worn crossing,2,5,0.652,4,3,2026-07-23,2026-08-20,8,150,165,Track Possession,ENG-Team-01,8,Rail Grinder,14:00:00,17:00:00,,TASK-0161|TASK-0186,False,Pending,,,True
TASK-0188,SMMS,Signal & Telecommunication,ASSET-SEC-05-0188,Point Machine,COR-02,SEC-05,21.44,24.0,Point machine response delay,1,2,0.194,4,2,2026-05-30,2026-07-15,44,90,120,Signalling,SNT-Team-03,5,Cable Fault Locator,10:30:00,13:30:00,,TASK-0030|TASK-0151,False,Pending,,,True
TASK-0189,TDMS,Traction Distribution,ASSET-SEC-14-0189,Contact Wire,COR-05,SEC-14,32.41,32.77,Insulator degradation,3,5,0.701,1,2,2026-08-07,2026-08-14,14,150,195,Power,TRD-Team-02,3,Insulation Tester,00:00:00,04:00:00,,TASK-0184,False,Pending,,,True
TASK-0190,TMS,Engineering,ASSET-SEC-12-0190,Bridge Component,COR-04,SEC-12,34.48,35.71,Insufficient ballast,4,1,0.55,5,5,2026-06-29,2026-08-03,25,90,120,Track Possession,ENG-Team-02,6,Inspection Trolley|Ultrasonic Rail Tester,14:00:00,17:00:00,,TASK-0128|TASK-0141|TASK-0195,False,Pending,,,True
TASK-0191,SMMS,Signal & Telecommunication,ASSET-SEC-05-0191,Track Circuit,COR-02,SEC-05,29.11,31.24,Track circuit instability,4,1,0.421,4,5,2026-07-22,2026-07-26,33,120,135,Signalling,SNT-Team-03,2,Axle Counter Tester,01:00:00,05:00:00,TASK-0014,TASK-0132,False,Pending,,,True
TASK-0192,TDMS,Traction Distribution,ASSET-SEC-03-0192,Feeder,COR-01,SEC-03,48.15,50.03,OHE alignment deviation,3,5,0.801,3,2,2026-08-26,2026-09-12,0,90,135,Power,TRD-Team-02,8,Contact Wire Gauge|Insulation Tester,10:30:00,13:30:00,,TASK-0134|TASK-0176,False,Pending,,,True
TASK-0193,TMS,Engineering,ASSET-SEC-01-0193,Sleepers,COR-01,SEC-01,8.95,11.0,Worn crossing,5,5,0.871,3,3,2026-07-11,2026-08-18,10,60,90,Track Possession,ENG-Team-01,6,Tamping Machine|Inspection Trolley,00:00:00,04:00:00,,TASK-0140,False,Pending,,,True
TASK-0194,SMMS,Signal & Telecommunication,ASSET-SEC-13-0194,Point Machine,COR-05,SEC-13,20.15,22.62,Point machine response delay,3,2,0.54,1,5,2026-07-07,2026-08-21,7,90,120,Track Possession,SNT-Team-03,3,Track Circuit Meter|Axle Counter Tester,10:30:00,13:30:00,,TASK-0076,False,Pending,,,True
TASK-0195,TDMS,Traction Distribution,ASSET-SEC-12-0195,Contact Wire,COR-04,SEC-12,34.89,36.59,Insulator degradation,3,5,0.675,2,3,2026-06-28,2026-08-12,16,60,105,Power and Track,TRD-Team-03,4,OHE Inspection Vehicle|Insulation Tester,22:00:00,23:59:00,,TASK-0037|TASK-0128|TASK-0190,False,Pending,,,True
TASK-0196,TMS,Engineering,ASSET-SEC-15-0196,Bridge Component,COR-05,SEC-15,55.22,55.67,Insufficient ballast,3,4,0.717,4,1,2026-07-13,2026-07-30,29,120,150,Power and Track,ENG-Team-03,4,Ultrasonic Rail Tester|Rail Grinder,10:30:00,13:30:00,,,False,Pending,,,True
TASK-0197,SMMS,Signal & Telecommunication,ASSET-SEC-04-0197,Axle Counter,COR-02,SEC-04,7.76,10.39,Axle counter mismatch,3,4,0.534,3,2,2026-07-10,2026-08-15,13,45,60,Signalling,SNT-Team-02,4,Track Circuit Meter|Signal Tester,01:00:00,05:00:00,,TASK-0016|TASK-0024|TASK-0058,False,Pending,,,True
TASK-0198,TDMS,Traction Distribution,ASSET-SEC-03-0198,Contact Wire,COR-01,SEC-03,42.14,42.5,Insulator degradation,2,2,0.404,4,4,2026-07-01,2026-07-21,38,60,90,Power,TRD-Team-01,3,Tower Wagon|Insulation Tester,00:00:00,04:00:00,,TASK-0145,False,Pending,,,True
TASK-0199,TMS,Engineering,ASSET-SEC-12-0199,Points and Crossings,COR-04,SEC-12,37.53,37.77,Track geometry deviation,5,4,0.724,1,4,2026-07-17,2026-09-06,0,60,105,Power and Track,ENG-Team-03,8,Tamping Machine|Rail Grinder,01:00:00,05:00:00,TASK-0130,TASK-0150,True,Pending,,,True
TASK-0200,SMMS,Signal & Telecommunication,ASSET-SEC-14-0200,Axle Counter,COR-05,SEC-14,25.03,27.89,Axle counter mismatch,5,5,0.931,2,4,2026-06-30,2026-08-18,10,90,135,Signalling,SNT-Team-01,3,Axle Counter Tester|Signal Tester,01:00:00,05:00:00,,TASK-0093,False,Pending,,,True
